<component name="libraryTable">
  <library name="Gradle: com.squareup.okhttp3:okhttp:3.12.0@jar">
    <CLASSES>
      <root url="jar://$USER_HOME$/.gradle/caches/modules-2/files-2.1/com.squareup.okhttp3/okhttp/3.12.0/b36f4a04584c0fb0d9af2d3401cdff8dacb1ea54/okhttp-3.12.0.jar!/" />
    </CLASSES>
    <JAVADOC />
    <SOURCES>
      <root url="jar://$USER_HOME$/.gradle/caches/modules-2/files-2.1/com.squareup.okhttp3/okhttp/3.12.0/2647551116856a6403d1a21e236837a7501c08a8/okhttp-3.12.0-sources.jar!/" />
    </SOURCES>
  </library>
</component>