<component name="libraryTable">
  <library name="Gradle: com.squareup.retrofit2:retrofit:2.5.0@jar">
    <CLASSES>
      <root url="jar://$USER_HOME$/.gradle/caches/modules-2/files-2.1/com.squareup.retrofit2/retrofit/2.5.0/713ce36037bf24a76a3974c05cb85c3f754b1cc3/retrofit-2.5.0.jar!/" />
    </CLASSES>
    <JAVADOC />
    <SOURCES>
      <root url="jar://$USER_HOME$/.gradle/caches/modules-2/files-2.1/com.squareup.retrofit2/retrofit/2.5.0/5c17035548a41ec60f00291163d36596a23ddd1a/retrofit-2.5.0-sources.jar!/" />
    </SOURCES>
  </library>
</component>