<component name="libraryTable">
  <library name="Gradle: com.android.support:support-compat:28.0.0@aar">
    <ANNOTATIONS>
      <root url="jar://$USER_HOME$/.gradle/caches/transforms-1/files-1.1/support-compat-28.0.0.aar/3018a3299c52164288b2cfbb2558239a/annotations.zip!/" />
    </ANNOTATIONS>
    <CLASSES>
      <root url="jar://$USER_HOME$/.gradle/caches/transforms-1/files-1.1/support-compat-28.0.0.aar/3018a3299c52164288b2cfbb2558239a/jars/classes.jar!/" />
      <root url="file://$USER_HOME$/.gradle/caches/transforms-1/files-1.1/support-compat-28.0.0.aar/3018a3299c52164288b2cfbb2558239a/res" />
    </CLASSES>
    <JAVADOC />
    <SOURCES />
  </library>
</component>