<component name="libraryTable">
  <library name="Gradle: com.github.bumptech.glide:disklrucache:4.3.1@jar">
    <CLASSES>
      <root url="jar://$USER_HOME$/.gradle/caches/modules-2/files-2.1/com.github.bumptech.glide/disklrucache/4.3.1/9eaeaefa25c6ff18d7008f06208d41a261d8b29b/disklrucache-4.3.1.jar!/" />
    </CLASSES>
    <JAVADOC />
    <SOURCES>
      <root url="jar://$USER_HOME$/.gradle/caches/modules-2/files-2.1/com.github.bumptech.glide/disklrucache/4.3.1/a3df01d2952dfaf8edf48b6b0a1999496240cc0c/disklrucache-4.3.1-sources.jar!/" />
    </SOURCES>
  </library>
</component>