<component name="libraryTable">
  <library name="Gradle: com.android.support:drawerlayout:28.0.0@aar">
    <ANNOTATIONS>
      <root url="jar://$USER_HOME$/.gradle/caches/transforms-1/files-1.1/drawerlayout-28.0.0.aar/6abc6824399e401150b6b45d65d44bf0/annotations.zip!/" />
    </ANNOTATIONS>
    <CLASSES>
      <root url="jar://$USER_HOME$/.gradle/caches/transforms-1/files-1.1/drawerlayout-28.0.0.aar/6abc6824399e401150b6b45d65d44bf0/jars/classes.jar!/" />
      <root url="file://$USER_HOME$/.gradle/caches/transforms-1/files-1.1/drawerlayout-28.0.0.aar/6abc6824399e401150b6b45d65d44bf0/res" />
    </CLASSES>
    <JAVADOC />
    <SOURCES />
  </library>
</component>