<component name="libraryTable">
  <library name="Gradle: com.android.support:versionedparcelable:28.0.0@aar">
    <CLASSES>
      <root url="jar://$USER_HOME$/.gradle/caches/transforms-1/files-1.1/versionedparcelable-28.0.0.aar/8f174b49006c180186cc6123258b72b3/jars/classes.jar!/" />
      <root url="file://$USER_HOME$/.gradle/caches/transforms-1/files-1.1/versionedparcelable-28.0.0.aar/8f174b49006c180186cc6123258b72b3/res" />
    </CLASSES>
    <JAVADOC />
    <SOURCES />
  </library>
</component>