<component name="libraryTable">
  <library name="Gradle: com.github.bumptech.glide:glide:4.3.1@jar">
    <CLASSES>
      <root url="jar://$USER_HOME$/.gradle/caches/modules-2/files-2.1/com.github.bumptech.glide/glide/4.3.1/9afb77c8712b19e421caecefe8e85e98ab327ce7/glide-4.3.1.jar!/" />
    </CLASSES>
    <JAVADOC />
    <SOURCES>
      <root url="jar://$USER_HOME$/.gradle/caches/modules-2/files-2.1/com.github.bumptech.glide/glide/4.3.1/7e157efa5ff48af0eeff7d73edee3cdc7b39bdd/glide-4.3.1-sources.jar!/" />
    </SOURCES>
  </library>
</component>