<component name="libraryTable">
  <library name="Gradle: com.github.bumptech.glide:gifdecoder:4.3.1@jar">
    <CLASSES>
      <root url="jar://$USER_HOME$/.gradle/caches/modules-2/files-2.1/com.github.bumptech.glide/gifdecoder/4.3.1/dc06b7679496073ef4505005b4c5995f522503cd/gifdecoder-4.3.1.jar!/" />
    </CLASSES>
    <JAVADOC />
    <SOURCES>
      <root url="jar://$USER_HOME$/.gradle/caches/modules-2/files-2.1/com.github.bumptech.glide/gifdecoder/4.3.1/322da22a827df74a49fceafa25f2126d7c578cc1/gifdecoder-4.3.1-sources.jar!/" />
    </SOURCES>
  </library>
</component>