<component name="libraryTable">
  <library name="Gradle: com.android.support:transition:28.0.0@aar">
    <ANNOTATIONS>
      <root url="jar://$USER_HOME$/.gradle/caches/transforms-1/files-1.1/transition-28.0.0.aar/0c7650f91f1995e606a5b450e57cc253/annotations.zip!/" />
    </ANNOTATIONS>
    <CLASSES>
      <root url="jar://$USER_HOME$/.gradle/caches/transforms-1/files-1.1/transition-28.0.0.aar/0c7650f91f1995e606a5b450e57cc253/jars/classes.jar!/" />
      <root url="file://$USER_HOME$/.gradle/caches/transforms-1/files-1.1/transition-28.0.0.aar/0c7650f91f1995e606a5b450e57cc253/res" />
    </CLASSES>
    <JAVADOC />
    <SOURCES />
  </library>
</component>