<component name="libraryTable">
  <library name="Gradle: com.android.support:support-fragment:28.0.0@aar">
    <ANNOTATIONS>
      <root url="jar://$USER_HOME$/.gradle/caches/transforms-1/files-1.1/support-fragment-28.0.0.aar/f832ed886b96a4db8de0c2ab27e96414/annotations.zip!/" />
    </ANNOTATIONS>
    <CLASSES>
      <root url="file://$USER_HOME$/.gradle/caches/transforms-1/files-1.1/support-fragment-28.0.0.aar/f832ed886b96a4db8de0c2ab27e96414/res" />
      <root url="jar://$USER_HOME$/.gradle/caches/transforms-1/files-1.1/support-fragment-28.0.0.aar/f832ed886b96a4db8de0c2ab27e96414/jars/classes.jar!/" />
    </CLASSES>
    <JAVADOC />
    <SOURCES />
  </library>
</component>