<component name="libraryTable">
  <library name="Gradle: com.google.android.gms:play-services-tasks:16.0.1@aar">
    <CLASSES>
      <root url="file://$USER_HOME$/.gradle/caches/transforms-1/files-1.1/play-services-tasks-16.0.1.aar/ef266042e0ce8da0a5d7b603eb3e4394/res" />
      <root url="jar://$USER_HOME$/.gradle/caches/transforms-1/files-1.1/play-services-tasks-16.0.1.aar/ef266042e0ce8da0a5d7b603eb3e4394/jars/classes.jar!/" />
    </CLASSES>
    <JAVADOC />
    <SOURCES />
  </library>
</component>