<component name="libraryTable">
  <library name="Gradle: com.android.support:support-media-compat:28.0.0@aar">
    <ANNOTATIONS>
      <root url="jar://$USER_HOME$/.gradle/caches/transforms-1/files-1.1/support-media-compat-28.0.0.aar/e1df5ff1561575a63dd7d4ecf18f29ba/annotations.zip!/" />
    </ANNOTATIONS>
    <CLASSES>
      <root url="jar://$USER_HOME$/.gradle/caches/transforms-1/files-1.1/support-media-compat-28.0.0.aar/e1df5ff1561575a63dd7d4ecf18f29ba/jars/classes.jar!/" />
      <root url="file://$USER_HOME$/.gradle/caches/transforms-1/files-1.1/support-media-compat-28.0.0.aar/e1df5ff1561575a63dd7d4ecf18f29ba/res" />
    </CLASSES>
    <JAVADOC />
    <SOURCES />
  </library>
</component>