<component name="libraryTable">
  <library name="Gradle: com.google.code.gson:gson:2.8.2@jar">
    <CLASSES>
      <root url="jar://$USER_HOME$/.gradle/caches/modules-2/files-2.1/com.google.code.gson/gson/2.8.2/3edcfe49d2c6053a70a2a47e4e1c2f94998a49cf/gson-2.8.2.jar!/" />
    </CLASSES>
    <JAVADOC />
    <SOURCES>
      <root url="jar://$USER_HOME$/.gradle/caches/modules-2/files-2.1/com.google.code.gson/gson/2.8.2/b2da9f8444128651758719856de579eacff7f387/gson-2.8.2-sources.jar!/" />
    </SOURCES>
  </library>
</component>