<component name="libraryTable">
  <library name="Gradle: com.android.support:design:28.0.0@aar">
    <ANNOTATIONS>
      <root url="jar://$USER_HOME$/.gradle/caches/transforms-1/files-1.1/design-28.0.0.aar/4db9877385781f9becc460d193f22e6c/annotations.zip!/" />
    </ANNOTATIONS>
    <CLASSES>
      <root url="jar://$USER_HOME$/.gradle/caches/transforms-1/files-1.1/design-28.0.0.aar/4db9877385781f9becc460d193f22e6c/jars/classes.jar!/" />
      <root url="file://$USER_HOME$/.gradle/caches/transforms-1/files-1.1/design-28.0.0.aar/4db9877385781f9becc460d193f22e6c/res" />
    </CLASSES>
    <JAVADOC />
    <SOURCES />
  </library>
</component>