<component name="libraryTable">
  <library name="Gradle: com.android.support:coordinatorlayout:28.0.0@aar">
    <ANNOTATIONS>
      <root url="jar://$USER_HOME$/.gradle/caches/transforms-1/files-1.1/coordinatorlayout-28.0.0.aar/27f64758de5fd712e0af9e5deb3d2a66/annotations.zip!/" />
    </ANNOTATIONS>
    <CLASSES>
      <root url="file://$USER_HOME$/.gradle/caches/transforms-1/files-1.1/coordinatorlayout-28.0.0.aar/27f64758de5fd712e0af9e5deb3d2a66/res" />
      <root url="jar://$USER_HOME$/.gradle/caches/transforms-1/files-1.1/coordinatorlayout-28.0.0.aar/27f64758de5fd712e0af9e5deb3d2a66/jars/classes.jar!/" />
    </CLASSES>
    <JAVADOC />
    <SOURCES />
  </library>
</component>