<component name="libraryTable">
  <library name="Gradle: com.android.support:print:28.0.0@aar">
    <ANNOTATIONS>
      <root url="jar://$USER_HOME$/.gradle/caches/transforms-1/files-1.1/print-28.0.0.aar/b8844effcb5f46c708f6fd9370ba7abe/annotations.zip!/" />
    </ANNOTATIONS>
    <CLASSES>
      <root url="jar://$USER_HOME$/.gradle/caches/transforms-1/files-1.1/print-28.0.0.aar/b8844effcb5f46c708f6fd9370ba7abe/jars/classes.jar!/" />
      <root url="file://$USER_HOME$/.gradle/caches/transforms-1/files-1.1/print-28.0.0.aar/b8844effcb5f46c708f6fd9370ba7abe/res" />
    </CLASSES>
    <JAVADOC />
    <SOURCES />
  </library>
</component>