<component name="libraryTable">
  <library name="Gradle: pub.devrel:easypermissions:2.0.0@aar">
    <CLASSES>
      <root url="jar://$USER_HOME$/.gradle/caches/transforms-1/files-1.1/easypermissions-2.0.0.aar/377c99fad2b9650231ee71535fff2faf/jars/classes.jar!/" />
      <root url="file://$USER_HOME$/.gradle/caches/transforms-1/files-1.1/easypermissions-2.0.0.aar/377c99fad2b9650231ee71535fff2faf/res" />
    </CLASSES>
    <JAVADOC />
    <SOURCES>
      <root url="jar://$USER_HOME$/.gradle/caches/modules-2/files-2.1/pub.devrel/easypermissions/2.0.0/cd68cd37a38e17caa7d0470588c35b1a82e72e2a/easypermissions-2.0.0-sources.jar!/" />
    </SOURCES>
  </library>
</component>