<component name="libraryTable">
  <library name="Gradle: com.android.support:multidex-instrumentation:1.0.2@aar">
    <CLASSES>
      <root url="file://$USER_HOME$/.gradle/caches/transforms-1/files-1.1/multidex-instrumentation-1.0.2.aar/1ee6ad116c79d6533a9bf3f08cc67687/res" />
      <root url="jar://$USER_HOME$/.gradle/caches/transforms-1/files-1.1/multidex-instrumentation-1.0.2.aar/1ee6ad116c79d6533a9bf3f08cc67687/jars/classes.jar!/" />
    </CLASSES>
    <JAVADOC />
    <SOURCES />
  </library>
</component>