<component name="libraryTable">
  <library name="Gradle: com.android.support:asynclayoutinflater:28.0.0@aar">
    <CLASSES>
      <root url="jar://$USER_HOME$/.gradle/caches/transforms-1/files-1.1/asynclayoutinflater-28.0.0.aar/063b8ffd6728010dd8b1c07fe93efe00/jars/classes.jar!/" />
      <root url="file://$USER_HOME$/.gradle/caches/transforms-1/files-1.1/asynclayoutinflater-28.0.0.aar/063b8ffd6728010dd8b1c07fe93efe00/res" />
    </CLASSES>
    <JAVADOC />
    <SOURCES />
  </library>
</component>