<component name="libraryTable">
  <library name="Gradle: com.google.android.gms:play-services-location:16.0.0@aar">
    <CLASSES>
      <root url="jar://$USER_HOME$/.gradle/caches/transforms-1/files-1.1/play-services-location-16.0.0.aar/38d23b3bfa7eca6437300087bdb0d00b/jars/classes.jar!/" />
      <root url="file://$USER_HOME$/.gradle/caches/transforms-1/files-1.1/play-services-location-16.0.0.aar/38d23b3bfa7eca6437300087bdb0d00b/res" />
    </CLASSES>
    <JAVADOC />
    <SOURCES />
  </library>
</component>