<component name="libraryTable">
  <library name="Gradle: com.google.android.gms:play-services-maps:16.0.0@aar">
    <CLASSES>
      <root url="file://$USER_HOME$/.gradle/caches/transforms-1/files-1.1/play-services-maps-16.0.0.aar/555da758e5432bb6acf7c56b6ff329ac/res" />
      <root url="jar://$USER_HOME$/.gradle/caches/transforms-1/files-1.1/play-services-maps-16.0.0.aar/555da758e5432bb6acf7c56b6ff329ac/jars/classes.jar!/" />
    </CLASSES>
    <JAVADOC />
    <SOURCES />
  </library>
</component>