<component name="libraryTable">
  <library name="Gradle: com.google.android.gms:play-services-basement:16.0.1@aar">
    <CLASSES>
      <root url="jar://$USER_HOME$/.gradle/caches/transforms-1/files-1.1/play-services-basement-16.0.1.aar/6d135b0d31a45b1c64e8ae11d88f838f/jars/classes.jar!/" />
      <root url="file://$USER_HOME$/.gradle/caches/transforms-1/files-1.1/play-services-basement-16.0.1.aar/6d135b0d31a45b1c64e8ae11d88f838f/res" />
    </CLASSES>
    <JAVADOC />
    <SOURCES />
  </library>
</component>