<component name="libraryTable">
  <library name="Gradle: com.android.support:swiperefreshlayout:28.0.0@aar">
    <ANNOTATIONS>
      <root url="jar://$USER_HOME$/.gradle/caches/transforms-1/files-1.1/swiperefreshlayout-28.0.0.aar/3e5b213aebdba8a07d0e15c0c13b7034/annotations.zip!/" />
    </ANNOTATIONS>
    <CLASSES>
      <root url="jar://$USER_HOME$/.gradle/caches/transforms-1/files-1.1/swiperefreshlayout-28.0.0.aar/3e5b213aebdba8a07d0e15c0c13b7034/jars/classes.jar!/" />
      <root url="file://$USER_HOME$/.gradle/caches/transforms-1/files-1.1/swiperefreshlayout-28.0.0.aar/3e5b213aebdba8a07d0e15c0c13b7034/res" />
    </CLASSES>
    <JAVADOC />
    <SOURCES />
  </library>
</component>