<component name="libraryTable">
  <library name="Gradle: android.arch.lifecycle:common:1.1.1@jar">
    <CLASSES>
      <root url="jar://$USER_HOME$/.gradle/caches/modules-2/files-2.1/android.arch.lifecycle/common/1.1.1/207a6efae6a3555e326de41f76bdadd9a239cbce/common-1.1.1.jar!/" />
    </CLASSES>
    <JAVADOC />
    <SOURCES>
      <root url="jar://$USER_HOME$/.gradle/caches/modules-2/files-2.1/android.arch.lifecycle/common/1.1.1/bcdaa509a856d1430e736b102f899aa9870a8f83/common-1.1.1-sources.jar!/" />
    </SOURCES>
  </library>
</component>