<component name="libraryTable">
  <library name="Gradle: com.squareup.okio:okio:1.15.0@jar">
    <CLASSES>
      <root url="jar://$USER_HOME$/.gradle/caches/modules-2/files-2.1/com.squareup.okio/okio/1.15.0/bc28b5a964c8f5721eb58ee3f3c47a9bcbf4f4d8/okio-1.15.0.jar!/" />
    </CLASSES>
    <JAVADOC />
    <SOURCES>
      <root url="jar://$USER_HOME$/.gradle/caches/modules-2/files-2.1/com.squareup.okio/okio/1.15.0/5667938926bdda03add0eac8c522164ce4180e5e/okio-1.15.0-sources.jar!/" />
    </SOURCES>
  </library>
</component>