<component name="libraryTable">
  <library name="Gradle: com.android.support:support-vector-drawable:28.0.0@aar">
    <CLASSES>
      <root url="file://$USER_HOME$/.gradle/caches/transforms-1/files-1.1/support-vector-drawable-28.0.0.aar/913e04ed029959a3d4267a7ea8933359/res" />
      <root url="jar://$USER_HOME$/.gradle/caches/transforms-1/files-1.1/support-vector-drawable-28.0.0.aar/913e04ed029959a3d4267a7ea8933359/jars/classes.jar!/" />
    </CLASSES>
    <JAVADOC />
    <SOURCES />
  </library>
</component>