<component name="libraryTable">
  <library name="Gradle: android.arch.core:common:1.1.1@jar">
    <CLASSES>
      <root url="jar://$USER_HOME$/.gradle/caches/modules-2/files-2.1/android.arch.core/common/1.1.1/e55b70d1f5620db124b3e85a7f4bdc7bd48d9f95/common-1.1.1.jar!/" />
    </CLASSES>
    <JAVADOC />
    <SOURCES>
      <root url="jar://$USER_HOME$/.gradle/caches/modules-2/files-2.1/android.arch.core/common/1.1.1/ae9b923fc99c1fc5a7a9b6cedc6df8b2b8529c54/common-1.1.1-sources.jar!/" />
    </SOURCES>
  </library>
</component>