<component name="libraryTable">
  <library name="Gradle: com.android.support:localbroadcastmanager:28.0.0@aar">
    <CLASSES>
      <root url="jar://$USER_HOME$/.gradle/caches/transforms-1/files-1.1/localbroadcastmanager-28.0.0.aar/f98431954e59eec02f83ca312d2c7bc5/jars/classes.jar!/" />
      <root url="file://$USER_HOME$/.gradle/caches/transforms-1/files-1.1/localbroadcastmanager-28.0.0.aar/f98431954e59eec02f83ca312d2c7bc5/res" />
    </CLASSES>
    <JAVADOC />
    <SOURCES />
  </library>
</component>