<component name="libraryTable">
  <library name="Gradle: com.android.support.constraint:constraint-layout:1.1.3@aar">
    <CLASSES>
      <root url="jar://$USER_HOME$/.gradle/caches/transforms-1/files-1.1/constraint-layout-1.1.3.aar/125a66d6dbb6b03df5bf56d38166a419/jars/classes.jar!/" />
      <root url="file://$USER_HOME$/.gradle/caches/transforms-1/files-1.1/constraint-layout-1.1.3.aar/125a66d6dbb6b03df5bf56d38166a419/res" />
    </CLASSES>
    <JAVADOC />
    <SOURCES />
  </library>
</component>