<component name="libraryTable">
  <library name="Gradle: com.google.android.gms:play-services-places:16.0.0@aar">
    <CLASSES>
      <root url="jar://$USER_HOME$/.gradle/caches/transforms-1/files-1.1/play-services-places-16.0.0.aar/5c26f44cfb498d7e01f4bec2526fd176/jars/classes.jar!/" />
      <root url="file://$USER_HOME$/.gradle/caches/transforms-1/files-1.1/play-services-places-16.0.0.aar/5c26f44cfb498d7e01f4bec2526fd176/res" />
    </CLASSES>
    <JAVADOC />
    <SOURCES />
  </library>
</component>