<component name="libraryTable">
  <library name="Gradle: com.google.android.gms:play-services-places-placereport:16.0.0@aar">
    <CLASSES>
      <root url="file://$USER_HOME$/.gradle/caches/transforms-1/files-1.1/play-services-places-placereport-16.0.0.aar/e2190b6e9b79f38e521e43d64de1f6c7/res" />
      <root url="jar://$USER_HOME$/.gradle/caches/transforms-1/files-1.1/play-services-places-placereport-16.0.0.aar/e2190b6e9b79f38e521e43d64de1f6c7/jars/classes.jar!/" />
    </CLASSES>
    <JAVADOC />
    <SOURCES />
  </library>
</component>