<component name="libraryTable">
  <library name="Gradle: com.google.android.gms:play-services-base:16.0.1@aar">
    <CLASSES>
      <root url="jar://$USER_HOME$/.gradle/caches/transforms-1/files-1.1/play-services-base-16.0.1.aar/a9a52b18261a9b425a252048c1817b67/jars/classes.jar!/" />
      <root url="file://$USER_HOME$/.gradle/caches/transforms-1/files-1.1/play-services-base-16.0.1.aar/a9a52b18261a9b425a252048c1817b67/res" />
    </CLASSES>
    <JAVADOC />
    <SOURCES />
  </library>
</component>