<component name="libraryTable">
  <library name="Gradle: com.squareup.retrofit2:converter-gson:2.5.0@jar">
    <CLASSES>
      <root url="jar://$USER_HOME$/.gradle/caches/modules-2/files-2.1/com.squareup.retrofit2/converter-gson/2.5.0/1c96fc5d0230f57d36cd09e2541d10829a3352a7/converter-gson-2.5.0.jar!/" />
    </CLASSES>
    <JAVADOC />
    <SOURCES>
      <root url="jar://$USER_HOME$/.gradle/caches/modules-2/files-2.1/com.squareup.retrofit2/converter-gson/2.5.0/e33b9ee015798ca86bc1ce78b4a17aa9f9a53e63/converter-gson-2.5.0-sources.jar!/" />
    </SOURCES>
  </library>
</component>