<component name="libraryTable">
  <library name="Gradle: com.android.support:recyclerview-v7:28.0.0@aar">
    <ANNOTATIONS>
      <root url="jar://$USER_HOME$/.gradle/caches/transforms-1/files-1.1/recyclerview-v7-28.0.0.aar/80466bfe87a82617f5b02c5f732df9eb/annotations.zip!/" />
    </ANNOTATIONS>
    <CLASSES>
      <root url="file://$USER_HOME$/.gradle/caches/transforms-1/files-1.1/recyclerview-v7-28.0.0.aar/80466bfe87a82617f5b02c5f732df9eb/res" />
      <root url="jar://$USER_HOME$/.gradle/caches/transforms-1/files-1.1/recyclerview-v7-28.0.0.aar/80466bfe87a82617f5b02c5f732df9eb/jars/classes.jar!/" />
    </CLASSES>
    <JAVADOC />
    <SOURCES />
  </library>
</component>