<component name="libraryTable">
  <library name="Gradle: com.github.bumptech.glide:annotations:4.3.1@jar">
    <CLASSES>
      <root url="jar://$USER_HOME$/.gradle/caches/modules-2/files-2.1/com.github.bumptech.glide/annotations/4.3.1/a786169ed0f768a589503844726f2380bb2139c/annotations-4.3.1.jar!/" />
    </CLASSES>
    <JAVADOC />
    <SOURCES>
      <root url="jar://$USER_HOME$/.gradle/caches/modules-2/files-2.1/com.github.bumptech.glide/annotations/4.3.1/389bdca45debfa2eccaad55d617e1321bcfb0359/annotations-4.3.1-sources.jar!/" />
    </SOURCES>
  </library>
</component>